{"train_loss": [182581.59611634104, 97963.10912621248, 77185.75201317716, 65493.832228564235, 60785.599502139, 58972.717270143214, 57597.502206201956, 56919.24155981195, 56167.702701775255, 55206.28581825357, 54504.013934960654, 53602.99182146779, 52846.626018027084, 52167.15823315108, 51449.688854033215, 50848.86279225384, 50051.45061138818, 49675.48719316206, 49398.008830527084, 49037.78686773655, 48641.15309583181, 48464.74600367176, 48284.00259368137, 48220.44827650302, 48006.318366524065, 48025.900001715774, 47786.49861451089, 47991.24969830939, 47766.322482956624, 47641.663859466506, 47556.13341731104, 47398.19698395178, 47507.70649935945, 47445.48445649936, 47391.79652326592, 47203.62226190748, 47008.12682301199, 47056.62832145635, 47116.268337355876, 46869.93279734398, 47050.514225212755, 46890.91870081442, 46709.963860038435, 46780.49098073755, 46829.15563518027, 46873.39886215456, 46753.36142964174, 46877.60291081396, 46370.70860261484, 46498.57833375275, 46465.98664411374, 46642.12827141288, 46585.0959819386, 46454.69856246568, 46423.54490471724, 46290.36721752608, 46213.34523843567, 46251.83704560532, 46260.51614116261, 46195.04932284041], "train_r2": [-1.225096270102775, 0.5041221709054342, 0.7030369811840927, 0.8016318492567016, 0.8327372693026892, 0.843483433062553, 0.8509243031255664, 0.8547432725150206, 0.8584309616697037, 0.8634198094945172, 0.8669278588775038, 0.8714853710017064, 0.8753244323497611, 0.8785804686730633, 0.8818985819307663, 0.8844717195013846, 0.8882671837984725, 0.8899398530939595, 0.8912367126837875, 0.8925267537643257, 0.8945216433520375, 0.8950293019662168, 0.8961703611325222, 0.8965086589066967, 0.8971186024647945, 0.8971064081734559, 0.8979936820575996, 0.8971300914183882, 0.8982834935455043, 0.8986627541667236, 0.8988857422243937, 0.8996375192506098, 0.8991890863787533, 0.8994731531630265, 0.8996091679017163, 0.9004079038901717, 0.9011108609441094, 0.9010756306670094, 0.9006427331171315, 0.9017578463433142, 0.9009728342841892, 0.9017636242969762, 0.9025090446526726, 0.9021174789934691, 0.901960352018592, 0.9017085991388667, 0.9021679190272234, 0.9016015698878231, 0.903790673121464, 0.9031258245009463, 0.9034724397484257, 0.9026222002558398, 0.9027831085503318, 0.903363531036308, 0.9035076629847721, 0.9041187486760878, 0.9042585071113826, 0.9040923283995862, 0.9042012132871509, 0.9043734727735576]}