model,accuracy,precision,recall,f1_score,true_positive,false_positive,true_negative,false_negative,failed_count,total_processed,failure_rate
llama3.2:1b,0.8684684684684685,0.8369883040935673,0.9156337465013994,0.8745464960855451,2290,446,2048,211,5,5000,0.001
llama3.2:3b,0.8489656557541675,0.797741273100616,0.9353932584269663,0.861100849649058,2331,591,1896,161,21,5000,0.0042
llama3.1:8b,0.517413931144916,0.5094917330067361,0.9968051118210862,0.6743212211265703,2496,2403,89,8,4,5000,0.0008
