{"train_loss": [183995.0810103633, 99273.74619097731, 80085.57790623856, 67103.00436093063, 62149.19712550329, 59995.23357859398, 58803.191429127015, 57717.19477489019, 56666.64905231973, 56046.54799597365, 55301.569264446836, 54881.61154402681, 54343.25268089998, 53887.768437442806, 53376.94339369052, 53013.541779145315, 52615.668005925145, 52117.74020863836, 51612.80405266288, 51231.463443962755, 50817.06125320278, 50263.63713911512, 50066.77745813507, 49465.83237011576, 49444.78818888406, 49184.099986845715, 49019.059162815705, 48981.77627567945, 48799.53341330756, 48659.96873570187, 48354.106528241675, 48290.7734803944, 48266.556853667185, 48060.979869658215, 48084.684377287704, 48184.714604971174, 48020.34043855234, 47908.175814135706, 47706.67538090227, 47801.67266711658, 47706.46076735221, 47614.203538216054, 47462.85746905884, 47428.39575802983, 47589.002390647875, 47587.03629152178, 47401.458696982525, 47386.407279465595, 47253.38762954109, 47226.567185498265, 47167.61760786512, 47141.74449235908, 47016.0941903825, 46958.846402303716, 47218.70371122346, 47058.550152132135, 46720.08418883831, 46694.275678017475, 46935.819393130034, 46652.82695684252], "train_r2": [-1.253088721109214, 0.49277467558450505, 0.6768867848682127, 0.7890283903531693, 0.8243324640395183, 0.8380141564313935, 0.8446702644007732, 0.8506298040461294, 0.8559883229665255, 0.8593957302232803, 0.8631544153312258, 0.8651259606169095, 0.8679410041877225, 0.8698825910520387, 0.8725765254080678, 0.8744311591547649, 0.8766071863923401, 0.878754302127877, 0.8811588935113566, 0.8829500941531033, 0.8850272277249971, 0.8875560475536425, 0.8881817998344458, 0.89096563418499, 0.8911735475619119, 0.8921540033711407, 0.8929910207165479, 0.893268240025719, 0.8939835032744984, 0.8944083373021973, 0.895670597667246, 0.8961172639569206, 0.8960579360595652, 0.8968632816878663, 0.8964860081973041, 0.8963937352345939, 0.897147253518124, 0.8976539732094951, 0.8986063321207325, 0.8980587730346675, 0.8983885799262832, 0.8988169703792637, 0.8995443746492114, 0.8994689517153618, 0.8988528933130595, 0.8985865909167163, 0.899564168303834, 0.8996253776021939, 0.900205648423986, 0.9004607425900335, 0.900749111734344, 0.900762729305788, 0.9011961704328612, 0.9013338296495694, 0.9003211093635795, 0.9010594274115976, 0.9024333903547678, 0.9027146017924351, 0.9015177167556293, 0.9028589382708957]}